{"cameraMode":{"drawMode":0,"name":"Shaded","section":"Shading Mode"},"sceneLighting":false,"audioPlay":false,"sceneViewState":{"showFog":true,"showMaterialUpdate":false,"showSkybox":false,"showFlares":true,"showImageEffects":true,"showParticleSystems":true},"in2DMode":false,"pivot":{"x":-0.442050576210022,"y":0.15298622846603394,"z":-1.5188275575637818},"rotation":{"x":0.4748437702655792,"y":0.09991760551929474,"z":-0.05436387285590172,"w":0.8726956844329834},"size":0.1994534134864807,"orthographic":false}