{"cameraMode":{"drawMode":0,"name":"Shaded","section":"Shading Mode"},"sceneLighting":false,"audioPlay":false,"sceneViewState":{"showFog":true,"showMaterialUpdate":false,"showSkybox":false,"showFlares":true,"showImageEffects":true,"showParticleSystems":true},"in2DMode":false,"pivot":{"x":-22.582332611083986,"y":-13.829751968383789,"z":-5.914777755737305},"rotation":{"x":0.316585898399353,"y":-0.5306296944618225,"z":0.22280092537403108,"w":0.7540714144706726},"size":15.901333808898926,"orthographic":false}