{"cameraMode":{"drawMode":0,"name":"Shaded","section":"Shading Mode"},"sceneLighting":true,"audioPlay":false,"sceneViewState":{"showFog":true,"showMaterialUpdate":false,"showSkybox":false,"showFlares":true,"showImageEffects":true,"showParticleSystems":true},"in2DMode":false,"pivot":{"x":14.594111442565918,"y":-20.030094146728517,"z":8.961823463439942},"rotation":{"x":-0.35121211409568789,"y":-0.4944252371788025,"z":0.22794190049171449,"w":-0.7617627382278442},"size":15.843981742858887,"orthographic":false}