{"cameraMode":{"drawMode":0,"name":"Shaded","section":"Shading Mode"},"sceneLighting":false,"audioPlay":false,"sceneViewState":{"showFog":true,"showMaterialUpdate":false,"showSkybox":false,"showFlares":true,"showImageEffects":true,"showParticleSystems":true},"in2DMode":false,"pivot":{"x":0.49928927421569826,"y":0.028489604592323304,"z":2.5999999046325685},"rotation":{"x":0.4708711802959442,"y":-0.25302720069885256,"z":0.1430204063653946,"w":0.8329769968986511},"size":0.07422486692667008,"orthographic":false}